{
    "regions": {
        "r_00": {
            "position": [
                33.56184768676758,
                35.00249099731445,
                -8.038014698286133e-12
            ],
            "radius": 2.5,
            "neighbors": [
                "r_01"
            ]
        },
        "r_01": {
            "position": [
                29.249799728393555,
                35.02145767211914,
                -7.135625423870806e-12
            ],
            "radius": 2.5,
            "neighbors": [
                "r_00",
                "r_02",
                "r_03"
            ]
        },
        "r_02": {
            "position": [
                24.769699096679688,
                35.233673095703125,
                -8.93329854534386e-12
            ],
            "radius": 2.5,
            "neighbors": [
                "r_01",
                "r_27"
            ]
        },
        "r_03": {
            "position": [
                29.284852981567383,
                30.471921920776367,
                -8.72724115197343e-12
            ],
            "radius": 2.5,
            "neighbors": [
                "r_01",
                "r_04"
            ]
        },
        "r_04": {
            "position": [
                29.269113540649414,
                25.773239135742188,
                -7.16404713330121e-12
            ],
            "radius": 2.5,
            "neighbors": [
                "r_03",
                "r_05"
            ]
        },
        "r_05": {
            "position": [
                29.315664291381836,
                21.122346878051758,
                -8.251177519014163e-12
            ],
            "radius": 2.5,
            "neighbors": [
                "r_04",
                "r_06"
            ]
        },
        "r_06": {
            "position": [
                29.388898849487305,
                16.442283630371094,
                -7.483791364393255e-12
            ],
            "radius": 2.5,
            "neighbors": [
                "r_05",
                "r_07"
            ]
        },
        "r_07": {
            "position": [
                28.862625122070312,
                12.213391304016113,
                -8.499867476530198e-12
            ],
            "radius": 2.5,
            "neighbors": [
                "r_06",
                "r_08"
            ]
        },
        "r_08": {
            "position": [
                24.279054641723633,
                11.967090606689453,
                -8.606448886894214e-12
            ],
            "radius": 2.5,
            "neighbors": [
                "r_07",
                "r_09"
            ]
        },
        "r_09": {
            "position": [
                19.69522476196289,
                12.03568172454834,
                -7.384315381386841e-12
            ],
            "radius": 2.5,
            "neighbors": [
                "r_08",
                "r_10"
            ]
        },
        "r_10": {
            "position": [
                15.040908813476562,
                12.02980899810791,
                -7.853273586988507e-12
            ],
            "radius": 2.5,
            "neighbors": [
                "r_09",
                "r_11"
            ]
        },
        "r_11": {
            "position": [
                10.341936111450195,
                12.011216163635254,
                -6.716405209772347e-12
            ],
            "radius": 2.5,
            "neighbors": [
                "r_10",
                "r_13"
            ]
        },
        "r_12": {
            "position": [
                0.9085789322853088,
                11.9976224899292,
                -7.640110766260477e-12
            ],
            "radius": 2.5,
            "neighbors": [
                "r_13",
                "r_15"
            ]
        },
        "r_13": {
            "position": [
                5.6075520515441895,
                12.016214370727539,
                -8.776979143476638e-12
            ],
            "radius": 2.5,
            "neighbors": [
                "r_11",
                "r_12"
            ]
        },
        "r_14": {
            "position": [
                -8.4693021774292,
                12.577343940734863,
                -8.755662861403835e-12
            ],
            "radius": 2.5,
            "neighbors": [
                "r_15",
                "r_17",
                "r_20"
            ]
        },
        "r_15": {
            "position": [
                -3.7703285217285156,
                12.595935821533203,
                -9.892531238619995e-12
            ],
            "radius": 2.5,
            "neighbors": [
                "r_12",
                "r_14",
                "r_20"
            ]
        },
        "r_16": {
            "position": [
                -17.881792068481445,
                12.111922264099121,
                -8.101963544504542e-12
            ],
            "radius": 2.5,
            "neighbors": [
                "r_17",
                "r_19"
            ]
        },
        "r_17": {
            "position": [
                -13.182818412780762,
                12.130514144897461,
                -9.238831921720703e-12
            ],
            "radius": 2.5,
            "neighbors": [
                "r_14",
                "r_16"
            ]
        },
        "r_18": {
            "position": [
                -27.182697296142578,
                12.05246639251709,
                -8.215650382226158e-12
            ],
            "radius": 2.5,
            "neighbors": [
                "r_19",
                "r_40",
                "r_41"
            ]
        },
        "r_19": {
            "position": [
                -22.48372459411621,
                12.071059226989746,
                -9.352518759442319e-12
            ],
            "radius": 2.5,
            "neighbors": [
                "r_16",
                "r_18"
            ]
        },
        "r_20": {
            "position": [
                -6.06548547744751,
                16.019296646118164,
                -7.810641022842901e-12
            ],
            "radius": 2.5,
            "neighbors": [
                "r_14",
                "r_15",
                "r_21"
            ]
        },
        "r_21": {
            "position": [
                -5.086155414581299,
                20.4520263671875,
                -9.039879955707875e-12
            ],
            "radius": 2.5,
            "neighbors": [
                "r_20",
                "r_22"
            ]
        },
        "r_22": {
            "position": [
                -5.819598197937012,
                25.02145767211914,
                -1.078070965832012e-11
            ],
            "radius": 2.5,
            "neighbors": [
                "r_21",
                "r_23"
            ]
        },
        "r_23": {
            "position": [
                -6.978108882904053,
                29.364511489868164,
                -9.07540709249588e-12
            ],
            "radius": 2.5,
            "neighbors": [
                "r_22",
                "r_25"
            ]
        },
        "r_24": {
            "position": [
                -12.147777557373047,
                34.23264694213867,
                -1.0695444530028908e-11
            ],
            "radius": 2.5,
            "neighbors": [
                "r_25",
                "r_32"
            ]
        },
        "r_25": {
            "position": [
                -7.621243476867676,
                33.83666229248047,
                -7.775113886054896e-12
            ],