{
    "regions": {
        "r_00": {
            "position": [
                -1.408176064491272,
                -7.3178486824035645,
                -9.15001407975069e-12
            ],
            "radius": 1.0,
            "neighbors": [
                "r_01"
            ],
            "embedding": []
        },
        "r_01": {
            "position": [
                0.22894468903541565,
                -6.912585258483887,
                -9.15179043659009e-12
            ],
            "radius": 1.0,
            "neighbors": [
                "r_00",
                "r_02"
            ],
            "embedding": []
        },
        "r_02": {
            "position": [
                1.604405403137207,
                -7.32650089263916,
                -9.118039656641486e-12
            ],
            "radius": 1.0,
            "neighbors": [
                "r_01",
                "r_03"
            ],
            "embedding": []
        },
        "r_03": {
            "position": [
                1.5357239246368408,
                -9.067265510559082,
                -9.123368727159686e-12
            ],
            "radius": 1.0,
            "neighbors": [
                "r_02",
                "r_04"
            ],
            "embedding": []
        },
        "r_04": {
            "position": [
                1.4755738973617554,
                -10.891918182373047,
                -9.405809464624326e-12
            ],
            "radius": 1.0,
            "neighbors": [
                "r_03",
                "r_05"
            ],
            "embedding": []
        },
        "r_05": {
            "position": [
                -0.10282699018716812,
                -11.444527626037598,
                -9.400480394106125e-12
            ],
            "radius": 1.0,
            "neighbors": [
                "r_04",
                "r_06"
            ],
            "embedding": []
        },
        "r_06": {
            "position": [
                -1.780592441558838,
                -11.370906829833984,
                -9.36672961415752e-12
            ],
            "radius": 1.0,
            "neighbors": [
                "r_05"
            ],
            "embedding": []
        },
        "r_07": {
            "position": [
                -1.089438796043396,
                0.8826919198036194,
                -9.141132295553689e-12
            ],
            "radius": 1.0,
            "neighbors": [
                "r_08"
            ],
            "embedding": []
        },
        "r_08": {
            "position": [
                0.5476819276809692,
                1.287955403327942,
                -9.142908652393089e-12
            ],
            "radius": 1.0,
            "neighbors": [
                "r_07",
                "r_09"
            ],
            "embedding": []
        },
        "r_09": {
            "position": [
                1.923142671585083,
                0.874039888381958,
                -9.109157872444484e-12
            ],
            "radius": 1.0,
            "neighbors": [
                "r_08",
                "r_10"
            ],
            "embedding": []
        },
        "r_10": {
            "position": [
                1.8544611930847168,
                -0.86672443151474,
                -9.114486942962685e-12
            ],
            "radius": 1.0,
            "neighbors": [
                "r_09",
                "r_11"
            ],
            "embedding": []
        },
        "r_11": {
            "position": [
                1.7943111658096313,
                -2.691377639770508,
                -9.396927680427325e-12
            ],
            "radius": 1.0,
            "neighbors": [
                "r_10",
                "r_12"
            ],
            "embedding": []
        },
        "r_12": {
            "position": [
                0.21591025590896606,
                -3.2439870834350586,
                -9.391598609909124e-12
            ],
            "radius": 1.0,
            "neighbors": [
                "r_11",
                "r_13"
            ],
            "embedding": []
        },
        "r_13": {
            "position": [
                -1.461855173110962,
                -3.170366048812866,
                -9.35784782996052e-12
            ],
            "radius": 1.0,
            "neighbors": [
                "r_12"
            ],
            "embedding": []
        }
    }
}