{
    "regions": {
        "r_00": {
            "position": [
                -1.0648078918457031,
                -1.0518574714660645,
                -9.15001407975069e-12
            ],
            "radius": 1.0,
            "neighbors": [
                "r_01"
            ]
        },
        "r_01": {
            "position": [
                -1.4700713157653809,
                0.5852632522583008,
                -9.15179043659009e-12
            ],
            "radius": 1.0,
            "neighbors": [
                "r_00",
                "r_02"
            ]
        },
        "r_02": {
            "position": [
                -1.0561556816101074,
                1.9607239961624146,
                -9.118039656641486e-12
            ],
            "radius": 1.0,
            "neighbors": [
                "r_01",
                "r_03"
            ]
        },
        "r_03": {
            "position": [
                0.6846085786819458,
                1.8920423984527588,
                -9.123368727159686e-12
            ],
            "radius": 1.0,
            "neighbors": [
                "r_02",
                "r_04"
            ]
        },
        "r_04": {
            "position": [
                2.5092618465423584,
                1.8318923711776733,
                -9.405809464624326e-12
            ],
            "radius": 1.0,
            "neighbors": [
                "r_03",
                "r_05"
            ]
        },
        "r_05": {
            "position": [
                3.061871290206909,
                0.25349143147468567,
                -9.400480394106125e-12
            ],
            "radius": 1.0,
            "neighbors": [
                "r_04",
                "r_06"
            ]
        },
        "r_06": {
            "position": [
                2.9882500171661377,
                -1.42427396774292,
                -9.36672961415752e-12
            ],
            "radius": 1.0,
            "neighbors": [
                "r_05"
            ]
        }
    }
}